feature,importance
from_balance_prior,0.21696359421124314
value,0.1975666484419692
value_usd,0.189109994235672
from_total_out,0.18667886619187285
to_balance_prior,0.08072144375502019
to_total_in,0.06884114979186759
hour,0.060118303372355006
gold_price_at_tx,0.0
day_of_week,0.0
gold_price_1h_ago,0.0
gold_price_change_1h,0.0
